ID,NAME,STREET_ADDRESS,CITY,STATE,STATE_CODE,ZIP_CODE,EMAIL_ADDRESS,PHONE_NUMBER,GENDER,SOCIAL_SECURITY_NUMBER,EDUCATION,EMPLOYMENT_STATUS,MARITAL_STATUS
100679,Madelle Augie,1420 Beaumont Avenue,Beaumont,California,CA,92223,maugie7s@home.pl,603-982-4172,Female,886-82-6564,High School or Below,Unemployed,Single
100537,Rosa Pays,222 North El Dorado Street,Stockton,California,CA,95202,rpaysp8@homestead.com,865-749-5448,Female,419-84-5922,Bachelor,Employed,Married
100458,Janine Cockshot,12602 N Paradise Village Pkwy,Phoenix,Arizona,AZ,85032,jcockshotqc@wikimedia.org,808-976-1894,Female,788-59-0419,Master,Employed,Married
101432,Tiphanie Paquet,1002 Dixieland Rd,Harlingen,Texas,TX,78552,tpaquet54@gmpg.org,612-256-1393,Female,628-23-7014,Bachelor,Unemployed,Single
100599,Myrvyn Morriss,15 S. PROSPECT AVE.,Park Ridge,Illinois,IL,60068,mmorrissbm@wordpress.com,203-751-1286,Male,403-49-3264,College,Employed,Married
100782,Gayler Haburne,12197 Sunset Hills Rd,Reston,Virginia,VA,20190,ghaburnens@gov.uk,816-783-8375,Male,394-17-0448,High School or Below,Unemployed,Married
101452,Tonnie Mashal,12701 FM 1960 Rd W,Houston,Texas,TX,77065,tmashalqo@walmart.com,713-463-7733,Male,295-29-1538,High School or Below,Employed,Married
100494,Adolph Skitch,1001 W 75th Street,Woodridge,Illinois,IL,60517,askitch4v@ox.ac.uk,814-400-4498,Male,204-81-0294,Bachelor,Employed,Married
100697,Wynnie Dunnett,100 Northstar Dr,Truckee,California,CA,96161,wdunnett2t@apache.org,713-301-3478,Female,161-55-7464,College,Unemployed,Single
100423,Osmond Dunn,15175 Whittier Blvd.,Whittier,California,CA,90602,odunndz@foxnews.com,805-622-4620,Male,789-62-0613,High School or Below,Medical Leave,Married
100695,Waylan Trelevan,18325 Aurora Ave N,Shoreline,Washington,WA,98133,wtrelevan4p@narod.ru,585-958-6076,Male,591-18-3589,Doctor,Medical Leave,Married
100590,Augustina Garnall,1414 DS South Foothill Drive,Salt Lake City,Utah,UT,84108,agarnall7i@buzzfeed.com,520-544-6138,Female,653-06-2578,College,Employed,Divorced
100516,Brynne Jurgensen,22435 Ventura Blvd,Woodland Hills,California,CA,91367,bjurgensenq7@csmonitor.com,503-409-3665,Female,412-27-1908,Master,Disabled,Divorced
100465,Martainn Blackledge,208 LAKEWOOD CENTER MALL,Lakewood,California,CA,90712,mblackledgei2@ted.com,808-665-3825,Male,690-41-9537,High School or Below,Disabled,Married
100625,Rodrick Jiruca,102 First Avenue,Seattle,Washington,WA,98104,rjiruca7j@hhs.gov,408-632-6035,Male,880-12-0279,High School or Below,Unemployed,Single
101700,Josephine Southern,1021 Third Avenue,New York,New York,NY,10021,jsouthern7y@1und1.de,478-204-5597,Female,427-47-3356,Bachelor,Employed,Married
100350,Launce Wintour,20 SW Second Ave,Rochester,Minnesota,MN,55902,lwintourbd@smugmug.com,775-579-4078,Male,394-24-9408,Master,Disabled,Divorced
100288,Gayler Crosetti,1799 Marlow Road,Santa Rosa,California,CA,95401,gcrosetti2a@1und1.de,516-164-2822,Male,857-36-6854,College,Unemployed,Married
101477,Fairleigh Trumpeter,1351 West Davis,Conroe,Texas,TX,77304,ftrumpeter3w@berkeley.edu,619-475-9046,Male,118-80-0541,High School or Below,Disabled,Married
100596,Mariellen Wippermann,1406 Larimer St,Denver,Colorado,CO,80202,mwippermann72@examiner.com,330-266-8629,Female,899-82-0626,High School or Below,Unemployed,Married
100377,Abramo Everiss,2221 Palo Verde Ave,Long Beach,California,CA,90815,aeverisspe@joomla.org,804-515-0809,Male,310-59-5618,College,Employed,Married
100615,Myron Bewshaw,2005 North Ocean Blvd,Myrtle Beach,South Carolina,SC,29577,mbewshawdk@timesonline.co.uk,217-539-8007,Male,180-67-1837,Bachelor,Employed,Divorced
100416,Dewitt Mattiello,10604 S. Eastern Avenue,Henderson,Nevada,NV,89052,dmattiellob6@mtv.com,603-139-6797,Male,202-65-7082,College,Unemployed,Single
100642,Gretta Rown,13503 Camino Del Sol,Sun City West,Arizona,AZ,85375,grown3u@quantcast.com,860-203-5663,Female,150-23-3204,Bachelor,Employed,Married
100394,Ferguson Cherrington,10300 Federal Blvd.,Federal Heights,Colorado,CO,80260,fcherrington8s@photobucket.com,850-328-3470,Male,194-37-6486,College,Employed,Married
100562,Penny Duckhouse,16610 Valley View Avenue,La Mirada,California,CA,90638,pduckhousemo@meetup.com,504-829-6512,Female,546-65-3598,Bachelor,Disabled,Married
100785,Waylan Grogona,1701 California Street,Denver,Colorado,CO,80202,wgrogonaop@woothemes.com,786-322-7916,Male,120-48-8679,College,Employed,Married
101531,Katrine Le Brom,1 Airport Rd,Manchester,New Hampshire,NH,3103,kle2@buzzfeed.com,213-558-9555,Female,495-97-7382,Bachelor,Employed,Married
101394,Evelin Heiss,2043 S. Ellsworth Road,Mesa,Arizona,AZ,85212,eheissgd@mit.edu,585-512-4034,Male,405-84-5725,Bachelor,Unemployed,Single
100505,Pernell Chansonne,14903 South Robert Trail,Rosemount,Minnesota,MN,55068,pchansonnebb@google.cn,714-660-5462,Male,881-87-7159,High School or Below,Medical Leave,Single
100384,Cornell Parsell,1090 State Road 28,Milford,Ohio,OH,45150,cparselldg@wikimedia.org,702-553-1152,Male,833-08-3074,Master,Employed,Married
101784,Cherrita Hammerberg,1641 S Stapley Rd,Mesa,Arizona,AZ,85204,chammerbergli@typepad.com,215-187-1143,Female,862-17-4281,Bachelor,Unemployed,Married
100293,Marice Leyninye,"17200 E Iliff Ave, Unit A-1",Aurora,Colorado,CO,80013,mleyninyeq4@mit.edu,972-786-6936,Female,371-96-8837,High School or Below,Employed,Married
101746,Nata Hildrew,1983 S Santiem Hwy,Lebanon,Oregon,OR,97355,nhildrew9w@china.com.cn,540-188-0207,Female,576-22-8479,Bachelor,Employed,Married
100641,Gaby Verni,1749 Main St,Longmont,Colorado,CO,80501,gvernirq@ebay.co.uk,314-116-9306,Male,485-89-9286,Master,Employed,Married
101448,Farra Aronson,1507C W Bay Area Blvd,Webster,Texas,TX,77598,faronsond4@alibaba.com,408-617-6890,Female,531-39-8974,College,Employed,Married
100698,Johnnie Menicomb,12262 Inwood Road,Dallas,Texas,TX,75244,jmenicomboa@oracle.com,952-267-0314,Male,704-62-9772,High School or Below,Employed,Married
100718,Emmott Ambrogini,125 Barrington Town Square Drive,Aurora,Ohio,OH,44202,eambroginipd@wikispaces.com,786-884-2955,Male,395-23-4944,College,Employed,Married
100703,Konstantin Tanswill,1501 Garth Brooks Blvd,Yukon,Oklahoma,OK,73085,ktanswillcq@cbc.ca,937-564-0612,Male,444-56-2555,High School or Below,Employed,Single
100323,Michelina Nealy,2225 Louisiana,Houston,Texas,TX,77002,mnealypm@usnews.com,803-523-8855,Female,399-77-7133,College,Employed,Married
100668,Jenifer Leborgne,1763 W. Howard St.,Chicago,Illinois,IL,60626,jleborgnex@sphinn.com,269-953-8249,Female,358-99-9463,High School or Below,Employed,Married
100597,Michal McCarrick,22855 NE Park Lane,Wood Village,Oregon,OR,97060,mmccarrickro@tuttocitta.it,303-452-6619,Male,509-70-6148,College,Unemployed,Married
100640,Chaunce Haylor,2085 Hamilton Creek Pkwy,Dacula,Georgia,GA,30019,chayloria@bandcamp.com,228-133-0090,Male,439-76-0744,High School or Below,Employed,Married
100468,Doria Oldroyde,1187 Polaris Parkway,Columbus,Ohio,OH,43240,doldroydekp@yellowbook.com,602-679-3959,Female,626-34-0621,High School or Below,Employed,Married
100486,Lisbeth Pretsel,13 Alpine Dr,Batesville,Indiana,IN,47006,lpretsel8@ftc.gov,915-839-7410,Female,348-02-6858,College,Employed,Single
100432,Malory Gantz,1530 Old Alabama Road,Roswell,Georgia,GA,30076,mgantzes@mayoclinic.com,832-406-0923,Female,147-86-7757,Master,Employed,Married
100386,Hadley Edlestone,1613 Southlake Mall Dr.,Merrillville,Indiana,IN,46410,hedlestonejs@hhs.gov,616-575-4860,Male,698-29-1950,College,Unemployed,Married
101505,Cynthy Kleingrub,201 3rd St.,San Francisco,California,CA,94103,ckleingrubdv@vimeo.com,203-813-8815,Female,336-88-6111,Bachelor,Unemployed,Single
100581,Bruce Coles,1161 Harrison Ave.,Centralia,Washington,WA,98531,bcolesjl@nymag.com,518-900-4224,Male,579-68-1861,High School or Below,Employed,Married
101698,Roana Feilden,1011 Market Street,San Diego,California,CA,92101,rfeilden6m@livejournal.com,205-438-5578,Female,278-43-6937,College,Unemployed,Single
100448,Weider Seint,1 North Main Street,Yardley,Pennsylvania,PA,19067,wseintx@ibm.com,202-972-0057,Male,152-80-8054,Bachelor,Employed,Married
100621,Quintilla Moreno,1192 East Rt. 70,Cherry Hill,New Jersey,NJ,8034,qmorenokv@trellian.com,810-541-6705,Female,400-74-8268,High School or Below,Unemployed,Married
100375,Brigit Heinrici,2200 Maple Avenue,Rapid City,South Dakota,SD,57701,bheinricinp@liveinternet.ru,407-965-5338,Female,401-93-8114,Doctor,Disabled,Divorced
100353,Sianna Kissell,1951 W Jefferson Ave,Naperville,Illinois,IL,60540,skissell8v@zimbio.com,208-934-1295,Female,786-61-0717,Master,Medical Leave,Married
101789,Barnie MacGinlay,20516 Devonshire Street,Chatsworth,California,CA,91311,bmacginlayh3@sciencedirect.com,830-358-3676,Male,229-36-8528,College,Employed,Married
100456,Leonid Elegood,1 Walden Avenue,Cheektowaga,New York,NY,14225,lelegood1k@smugmug.com,727-745-3673,Male,469-24-7817,College,Employed,Married
100759,Skell Crates,10590 Perry Highway,Wexford,Pennsylvania,PA,15090,scratesaw@guardian.co.uk,210-680-3020,Male,475-99-7528,College,Unemployed,Single
100470,Isadore Dougher,1525 Cypress Creek Road,Cedar Park,Texas,TX,78613,idoughered@mtv.com,330-521-7060,Male,855-57-1842,High School or Below,Unemployed,Single
101570,Sloane Thexton,12742 Ocean Gateway,Ocean City,Maryland,MD,21842,sthextonqq@friendfeed.com,309-480-1316,Male,468-29-1624,Bachelor,Employed,Married
100716,Alyse Mulderrig,210 Sixth Avenue,Pittsburgh,Pennsylvania,PA,15222,amulderrigj7@usa.gov,347-936-6801,Female,139-44-4256,College,Disabled,Married
100729,Janine McCreath,177 Route 17 South,Paramus,New Jersey,NJ,7652,jmccreath17@diigo.com,412-148-8866,Female,284-52-4882,High School or Below,Employed,Married
100443,Mordecai Lindop,16500 N.E. 74th,Redmond,Washington,WA,98052,mlindopm5@arstechnica.com,832-812-6994,Male,439-08-4864,Bachelor,Employed,Married
100691,Rosanne Teenan,1670 Broadway,Denver,Colorado,CO,80202,rteenanmx@pen.io,210-189-5864,Female,730-57-4435,Bachelor,Employed,Married
100784,Marissa Rampling,1907 Gallatin Pike North,Madison,Tennessee,TN,37115,mrampling7d@wordpress.com,202-729-0091,Female,634-48-9446,College,Disabled,Married
101377,Cleo Casassa,1900 Aloma Ave,Winter Park,Florida,FL,32792,ccasassa6p@paginegialle.it,502-285-4673,Female,636-13-4300,High School or Below,Employed,Single
101703,Mag Towne,12909 NE 99,Salmon Creek,Washington,WA,98686,mtowne1@ycombinator.com,808-310-2452,Female,317-42-6092,High School or Below,Employed,Divorced
100292,Milicent Caveau,136-38 Linwood Plaza,Fort Lee,New Jersey,NJ,7024,mcaveau43@drupal.org,907-310-0359,Female,754-55-4310,College,Employed,Married
100477,Rachel Brooks,208 Sepulveda Blvd.,Carson,California,CA,90749,rachelb@intel.com,540-903-5171,Female,404-89-9135,Bachelor,Employed,Married
100683,Christy Denecamp,2051 Gattis School Road,Round Rock,Texas,TX,78664,cdenecamph1@abc.net.au,701-791-4089,Male,758-10-1681,College,Employed,Single
100650,Dita Biglin,2200 South Bell Street,Amarillo,Texas,TX,79106,dbiglinnw@google.com.br,202-773-8243,Female,606-88-2997,High School or Below,Employed,Single
100588,Granger Sambiedge,1650 US Hwy 98,Daphne,Alabama,AL,36526,gsambiedgem2@statcounter.com,505-707-5415,Male,593-28-3902,Bachelor,Employed,Married
100700,Theo Castell,199 E Cocoa Beach Causeway,Cocoa Beach,Florida,FL,32931,tcastella1@disqus.com,704-723-6506,Female,452-62-8589,High School or Below,Employed,Married
100604,Ilario Boulton,1620 North Main Street,Logan,Utah,UT,84341,iboultonk6@multiply.com,212-647-8394,Male,322-01-9285,College,Employed,Married
101739,Rosalia Kitson,218 Como Avenue SE,Minneapolis,Minnesota,MN,55414,rkitsonmu@dagondesign.com,214-984-6866,Female,367-20-2498,Bachelor,Employed,Married
100412,Bink Devons,1509 Wadsworth Blvd,Lakewood,Colorado,CO,80215,bdevonsd8@bbc.co.uk,904-561-6406,Male,102-65-6093,Bachelor,Unemployed,Single
101388,Omar Fackney,2005 Lynnhaven Parkwayl,Virginia Beach,Virginia,VA,23455,ofackneydj@ed.gov,951-584-0121,Male,442-33-5139,College,Unemployed,Single
100521,Ahmad Nobriga,10831 Foothill Blvd.,Rancho Cucamonga,California,CA,91730,anobrigacz@51.la,203-873-9558,Male,345-83-3487,Bachelor,Unemployed,Single
101399,Sarita Giorgietto,16275 N. Scottsdale Rd.,Scottsdale,Arizona,AZ,85255,sgiorgiettoko@uol.com.br,402-349-7896,Female,738-38-8779,College,Employed,Married
100733,Krishnah Snartt,2 Fairfield Boulevard,Ponte Vedra,Florida,FL,32082,ksnarttax@ning.com,214-426-6253,Male,447-88-4299,Bachelor,Employed,Married
100326,Robinette Tame,2203 So. 45th Street,Rogers,Arkansas,AR,72758,rtameo8@netlog.com,907-344-5668,Female,879-11-8597,High School or Below,Unemployed,Married
100506,Hinda Sweeney,1130 N Loop 1604 West,San Antonio,Texas,TX,78248,hsweeneyhg@hhs.gov,512-413-1309,Female,421-36-1224,High School or Below,Unemployed,Single
100422,Jourdain Borrill,1101 Peachtree Parkway,Peachtree City,Georgia,GA,30269,jborrillf5@cargocollective.com,414-293-0457,Male,835-45-0665,High School or Below,Unemployed,Single
100724,Agnes Woodfield,1101 E Hwy 24,Woodland Park,Colorado,CO,80863,awoodfieldf1@odnoklassniki.ru,330-638-6861,Female,120-22-7181,High School or Below,Disabled,Single
100761,Jamaal Duddle,102 Lemmons Lane,Gaffney,South Carolina,SC,29341,jduddle7m@homestead.com,786-910-0208,Male,582-27-7752,Bachelor,Employed,Married
101468,Galven McReynold,201 World Way,Los Angeles,California,CA,90045,gmcreynolded@rediff.com,202-284-1281,Male,516-92-8815,High School or Below,Unemployed,Married
100793,Ynes Samwaye,1 Crossgates Mall Road,Albany,New York,NY,12203,ysamwaye9@ycombinator.com,812-246-4032,Female,778-94-4485,College,Employed,Married
100473,Mal Offer,1663 Branham Ln,San Jose,California,CA,95118,moffermt@odnoklassniki.ru,510-341-0904,Male,270-91-6841,College,Employed,Married
100510,Carolyn Gymlett,1982 Grand River Avenue,Okemos,Michigan,MI,48864,cgymlett9u@cdbaby.com,626-212-6845,Female,279-98-3646,College,Employed,Married
100580,Dov Gabriely,1655 Beacon Street,Brookline,Massachusetts,MA,2146,dgabrielymc@youku.com,413-412-6547,Male,706-03-2182,Bachelor,Employed,Married
101470,Raina Schoenleiter,1005 International Drive,Wilmington,North Carolina,NC,28405,rschoenleiter5g@prlog.org,808-635-6020,Female,857-83-5402,High School or Below,Employed,Single
101353,Hube Jaskowicz,19511 I-45,Spring,Texas,TX,77388,hjaskowicz8w@usa.gov,916-444-0579,Male,141-30-9269,Master,Retired,Divorced
101386,Rey Copp,21001 N Tatum Blvd,Phoenix,Arizona,AZ,85050,rcoppjl@last.fm,304-750-4710,Female,269-67-8880,Master,Employed,Divorced
101494,Lee Shipperbottom,102 FM 544,Murphy,Texas,TX,75094,lshipperbottom7k@is.gd,402-282-7249,Female,586-07-2423,High School or Below,Employed,Married
100320,Norah Shapter,1000 Universal Studios Plaza,Orlando,Florida,FL,32819,nshapter42@github.io,510-846-8423,Female,773-16-6901,College,Unemployed,Married
101753,Twyla Sarl,2129 General Booth Blvd,Virginia Beach,Virginia,VA,23454,tsarll4@irs.gov,225-567-3340,Female,842-53-4790,Master,Employed,Single
101458,Brannon Whitley,1000 North Bristol St.,Newport Beach,California,CA,92660,bwhitley3v@symantec.com,817-187-2614,Male,498-76-5490,Bachelor,Employed,Single
100681,Cyrus Lanham,11745 IH-10 West,San Antonio,Texas,TX,78230,clanhamk8@list-manage.com,817-336-5019,Male,647-76-8127,High School or Below,Employed,Single
101423,Maryjo Warratt,177 Marshall Street,Syracuse,New York,NY,13210,mwarratt16@ow.ly,859-226-3913,Female,356-78-3822,High School or Below,Employed,Single
100753,Prent Colliver,1800-19th Street,Sacramento,California,CA,95814,pcolliver2l@cargocollective.com,209-614-6717,Male,708-07-6498,High School or Below,Employed,Married
100452,Jere Joynt,16850 Jog Rd,Delray Beach,Florida,FL,33446,jjoyntno@parallels.com,513-694-1411,Male,591-08-5579,College,Employed,Single
100493,Nyssa Besque,2223 N. Westshore Blvd.,Tampa,Florida,FL,33607,nbesqueph@yandex.ru,410-165-7703,Female,735-50-2204,Doctor,Employed,Married
101588,Nora Sherrard,19555 Detroit Road,Rocky River,Ohio,OH,44116,nsherrard91@ebay.co.uk,212-277-9826,Female,232-03-3866,Master,Employed,Married
101456,Dee dee Mugglestone,20055 Haggerty Road,Northville,Michigan,MI,48167,ddeedm@auda.org.au,608-218-7598,Female,215-02-8472,Bachelor,Employed,Married
100539,Joell Mottershaw,2235 Main Street,Green Bay,Wisconsin,WI,54302,jmottershawpz@csmonitor.com,202-610-4882,Female,303-07-9462,Master,Employed,Married
101338,Leroy Beagles,1175 McVey Ave.,Lake Oswego,Oregon,OR,97035,lbeagleska@webeden.co.uk,702-526-3947,Male,226-89-6873,Master,Employed,Married
100592,Ellerey Olorenshaw,12442 W Ken Caryl Ave,Littleton,Colorado,CO,80127,eolorenshawp2@fastcompany.com,702-497-0367,Male,385-65-7820,Doctor,Employed,Married
100324,Cate Walasik,14900 Manchester Road,Ballwin,Missouri,MO,63011,cwalasikba@woothemes.com,719-611-4302,Female,586-05-8506,High School or Below,Employed,Married
100322,Tish Allebone,2205 Longmire,College Station,Texas,TX,77845,talleboneoc@java.com,618-224-3648,Female,153-65-6599,College,Employed,Married
100789,Fred Inge,1057 A MacArthur Blvd,San Leandro,California,CA,94577,fingean@sun.com,254-365-0628,Male,291-48-5651,College,Employed,Married
100338,Joellyn Pilgram,1437 E. Gage Avenue,Los Angeles,California,CA,90001,jpilgram8z@wunderground.com,952-963-8176,Female,521-13-0320,High School or Below,Employed,Married
100587,Jamil Juris,1350 N. Silverbell Rd.,Tucson,Arizona,AZ,85745,jjuris3r@smugmug.com,585-209-5806,Male,557-20-0025,High School or Below,Employed,Single
100758,Kessia Glasbey,2270 Kalakaua Avenue #1800,Honolulu,Hawaii,HI,96815,kglasbeyrb@fda.gov,775-415-8400,Female,706-53-6306,High School or Below,Unemployed,Married
101599,Ari Gibling,17901 108th Ave SE,Renton,Washington,WA,98005,agibling23@chron.com,760-985-3694,Male,153-21-3223,College,Employed,Married
101324,Florence Grimm,15970 Los Serranos Ctry Club Drive,Chino Hills,California,CA,91709,fgrimmhp@cisco.com,512-872-3097,Female,297-81-4188,Master,Employed,Divorced
101412,Amber Carman,11405 SW Beaverton-Hillsdale Hwy,Portland,Oregon,OR,97005,acarmani3@netvibes.com,337-470-6296,Female,888-35-5389,Bachelor,Employed,Divorced
100799,Pyotr Goodchild,1152 Commerce Blvd.,Dickson City,Pennsylvania,PA,18519,pgoodchildix@cbc.ca,504-199-7396,Male,697-67-2302,Master,Employed,Single
100531,Dorothy Haslewood,198 W. Roosevelt Rd.,Villa Park,Illinois,IL,60181,dhaslewood9n@behance.net,850-541-2589,Female,735-90-5738,High School or Below,Unemployed,Single
100361,Corty Younghusband,2013 University Ave.,Oxford,Mississippi,MS,38655,cyounghusbanden@chronoengine.com,212-793-4883,Male,654-46-7794,Bachelor,Unemployed,Single
100746,Paulie Chasle,1505 W 5th Ave,Columbus,Ohio,OH,43212,pchasled0@ehow.com,707-606-3204,Female,768-98-5507,Bachelor,Employed,Married
101592,Lana Pettigree,1745 Madison Avenue,Council Bluffs,Iowa,IA,51503,lpettigreeri@eventbrite.com,319-305-5515,Female,865-56-1679,College,Employed,Single
100727,Louis McGlue,1001 E Wooster St,Bowling Green,Ohio,OH,43403,lmcglue4n@indiegogo.com,612-471-5387,Male,282-34-9546,High School or Below,Unemployed,Single
100344,Wilona Fronsek,2 Massillon Marketplace Drive SW,Massillon,Ohio,OH,44646,wfronsekb1@sourceforge.net,434-553-8337,Female,644-60-8224,High School or Below,Employed,Divorced
100645,Rowen Von Salzberg,120 Sand Island Access Road #4,Honolulu,Hawaii,HI,96819,rvonle@yahoo.com,330-417-0444,Male,457-63-3177,College,Retired,Married
101320,Sterne Patkin,2195 E. Shaw Ave,Clovis,California,CA,93611,spatkinn8@usda.gov,702-303-6581,Male,581-09-2653,Master,Unemployed,Single
101716,Genevieve Hodgon,1419 S. Broadway Street,Santa Maria,California,CA,93455,ghodgon7p@kickstarter.com,903-165-5313,Female,530-28-2470,High School or Below,Unemployed,Single
100693,Dorian Coye,11601 Canyon Rd East,Puyallup,Washington,WA,98373,dcoyejk@pcworld.com,760-277-6466,Male,363-56-1362,Bachelor,Employed,Married
100409,Abigale Ingall,19914 Park Row,Katy,Texas,TX,77449,aingallab@gnu.org,253-646-2360,Female,558-25-0237,High School or Below,Disabled,Married
100706,Marjie Flinders,101 E. Main St,St. Charles,Illinois,IL,60174,mflinders5t@java.com,336-298-4738,Female,747-09-7762,Bachelor,Employed,Married
100378,Bette-ann Blose,11330 51st Ave NW,Gig Harbor,Washington,WA,98332,bblosehn@flavors.me,716-971-6496,Female,496-64-0786,College,Employed,Married
100388,Kaine Waggatt,10965 Ventura Blvd,Studio City,California,CA,91604,kwaggattdu@typepad.com,915-586-6081,Male,107-80-3499,Doctor,Employed,Single
100739,Simmonds Beauly,200 State Road 312,St. Augustine,Florida,FL,32084,sbeaulyca@unc.edu,212-426-4349,Male,185-92-3971,College,Unemployed,Married
101580,Willamina Leathley,13170 Central Ave SE,Albuquerque,New Mexico,NM,87123,wleathley24@census.gov,414-644-7265,Female,118-86-8848,Doctor,Employed,Single
100570,Tucky Eymor,1501 State Hwy 7,Hopkins,Minnesota,MN,55305,teymorcu@dropbox.com,479-345-6747,Male,186-84-7760,Bachelor,Unemployed,Single
100399,Shani Furmenger,20 N. SUMMERLIN AVE,Orlando,Florida,FL,32801,sfurmengerbb@twitpic.com,214-979-7698,Female,482-87-5273,College,Employed,Married
101537,Hillie Devenny,10130 South State St,Sandy,Utah,UT,84070,hdevenny6z@facebook.com,901-962-1268,Male,814-66-4957,Bachelor,Employed,Divorced
100522,Dexter Walcher,10105 224th St E,Graham,Washington,WA,98338,dwalcher6j@w3.org,704-955-5856,Male,309-69-7202,Bachelor,Employed,Married
101756,Darill Grayland,2020 Market St.,San Francisco,California,CA,94114,dgraylandf6@weather.com,910-518-4100,Male,423-33-0174,Bachelor,Employed,Married
101354,Stephen Winstone,18320 NW Evergreen Pkwy,Aloha,Oregon,OR,97006,swinstone4n@bloglines.com,916-972-5939,Male,315-25-4206,College,Unemployed,Single
100512,Kurtis Lergan,205 N. McDowell,Petaluma,California,CA,94954,klergangs@list-manage.com,561-154-9498,Male,614-93-5357,Bachelor,Medical Leave,Married
101430,Winthrop Yankishin,140 W Gage,Richland,Washington,WA,99352,wyankishin5z@pcworld.com,434-225-6789,Male,332-24-7377,Doctor,Employed,Married
100601,Thane Hinzer,111 Hwy 290 West,Brenham,Texas,TX,77833,thinzerfz@mac.com,210-190-5475,Male,101-64-8915,High School or Below,Employed,Married
101549,Dalia Butrimovich,105 B Post Office Drive,Aptos,California,CA,95033,dbutrimovicha6@abc.net.au,254-559-8164,Female,233-44-0857,College,Employed,Single
101524,Maxie Grimsdale,200 Miracle Mile,Coral Gables,Florida,FL,33134,mgrimsdalebv@berkeley.edu,801-633-3713,Female,897-18-1654,Master,Disabled,Divorced
100548,Rafael Dictus,1304 West University Avenue,Gainesville,Florida,FL,32601,rdictus1e@surveymonkey.com,305-144-1441,Male,517-13-7814,High School or Below,Employed,Married
101472,Lindsey Merrydew,1702 NW Chipman Road,Lee's Summit,Missouri,MO,64081,lmerrydewp0@who.int,951-707-6193,Male,813-39-0747,High School or Below,Employed,Married
100536,Cammy Klaggeman,22815 Victory Blvd.,West Hills,California,CA,91307,cklaggemanrk@hubpages.com,225-758-8541,Male,545-40-8781,High School or Below,Unemployed,Single
100627,Brenna Calver,10585 W. Indian School Rd,Avondale,Arizona,AZ,85323,bcalverat@blinklist.com,240-533-2378,Female,581-91-7471,Master,Employed,Single
101754,Elwin MacNeilly,15449 New Hampshire Ave.,Silver Spring,Maryland,MD,20904,emacneillyfj@sbwire.com,916-729-4542,Male,219-23-3058,Bachelor,Employed,Divorced
101749,Joy Hulls,"2225 Georgia Avenue, NW",Washington,Washington DC,DC,20001,jhullspl@mlb.com,412-705-9292,Female,218-67-7428,College,Employed,Single
100620,Nobe Tremain,2001 McHenry Ave,Modesto,California,CA,95350,ntremaind6@cdc.gov,561-522-3802,Male,584-68-8278,High School or Below,Unemployed,Single
100569,Collin Cawood,1050 Ken Pratt Blvd,Longmont,Colorado,CO,80501,ccawoodad@nbcnews.com,605-201-9649,Male,638-70-2843,Bachelor,Employed,Divorced
100756,Idaline Venn,1939 S Val Vista Dr,Mesa,Arizona,AZ,85204,ivenn8g@hao123.com,806-243-0767,Female,397-26-9890,College,Employed,Divorced
100563,Rustie Risdall,1200 West Main St.,Peoria,Illinois,IL,61606,rrisdalllt@webeden.co.uk,801-392-2357,Male,189-46-4613,High School or Below,Employed,Married
100677,Odessa Seide,1416 Platte River,Denver,Colorado,CO,80202,oseide7l@clickbank.net,281-359-6996,Female,575-25-6863,Bachelor,Unemployed,Married
101722,Alain McIlvoray,2107 East Beltline Ave,Grand Rapids,Michigan,MI,49546,amcilvorayk1@ebay.co.uk,304-310-4493,Male,820-99-6469,College,Unemployed,Divorced
100439,Dorey Miner,1911 Boston Post Road,Milford,Connecticut,CT,6460,dminer7k@chron.com,323-211-1664,Male,362-14-3209,Master,Employed,Single
101363,Arturo Scowcroft,1525 Wilson Blvd.,Arlington,Virginia,VA,22209,ascowcroftej@opera.com,754-553-7295,Male,361-45-4948,High School or Below,Employed,Married
100325,Modestine Popland,12850 State Rd 23,Granger,Indiana,IN,46530,mpoplandre@hhs.gov,318-142-7162,Female,438-10-2387,Bachelor,Unemployed,Single
100532,Rossie Diche,1515 SR-138,Conyers,Georgia,GA,30013,rdichedt@homestead.com,678-591-9270,Male,245-52-0558,Bachelor,Unemployed,Divorced
100589,Lenna Currao,1650 W Northern Lights Blvd,Anchorage,Alaska,AK,99503,lcurraom3@sourceforge.net,404-902-9893,Female,219-54-9853,College,Employed,Single
101764,Loren Boustead,221 Main Street,Huntington Beach,California,CA,92648,lbousteadon@engadget.com,718-715-5877,Female,409-67-9193,Bachelor,Unemployed,Divorced
100704,Virgilio Coker,21 North Park Ave,Rockville Center,New York,NY,11570,vcokeriy@shareasale.com,817-205-8994,Male,289-93-9530,College,Employed,Married
100741,Rad Roan,17396 W. Center Road,Omaha,Nebraska,NE,68130,rroanr5@phpbb.com,202-469-9515,Male,209-46-1598,College,Employed,Married
100472,Gamaliel O'Shee,10 Michael Drive,Farmingdale,New York,NY,11735,goshee22@squidoo.com,806-655-7539,Male,342-47-9080,Bachelor,Employed,Divorced
100368,Valeria Chaney,202 W. McMillen,Cincinnati,Ohio,OH,45219,vchaneyf5@geocities.com,202-842-0760,Female,876-60-5684,College,Employed,Married
101635,Powell Pote,2045 SE Division St,Portland,Oregon,OR,97214,ppotegi@cnet.com,901-313-6753,Male,758-89-3942,College,Medical Leave,Married
100635,Britni Chilles,2181 Wealthy SE,Grand Rapids,Michigan,MI,49506,bchillesmy@edublogs.org,717-545-2830,Female,167-79-1564,High School or Below,Unemployed,Single
100411,Shepperd Churchill,1695 Hanes Mall Blvd.,Winston-Salem,North Carolina,NC,27103,schurchillnv@hostgator.com,850-236-4376,Male,824-13-9619,College,Employed,Divorced
100530,Wilie Harman,1574 South Bascom Ave,San Jose,California,CA,95125,wharmangw@ucoz.com,724-213-7226,Female,477-05-7132,Master,Unemployed,Married
100721,Laurene Mebs,1400 Kempsville Rd.,Chesapeake,Virginia,VA,23220,lmebs68@mozilla.org,318-710-5442,Female,284-17-0432,High School or Below,Employed,Married
100676,Any Errington,1031 Helen Power Drive,Vacaville,California,CA,95687,aerrington8z@spiegel.de,727-101-8643,Male,799-48-1067,College,Unemployed,Single
100383,Grantley holmes,10945 State Bridge Rd,Alpharetta,Georgia,GA,30022,gholmesdq@sohu.com,951-952-1733,Male,166-93-7775,Master,Employed,Married
100283,Verina Clemenzi,140 Woodstock Square Ave,Woodstock,Georgia,GA,30189,vclemenzi61@bbb.org,919-703-4228,Female,329-64-4927,Bachelor,Unemployed,Married
101694,Foster Kincade,228 East Plaza St.,Eagle,Idaho,ID,83616,fkincaderh@ow.ly,754-482-0806,Male,679-44-8798,High School or Below,Unemployed,Married
100594,Bendite Strippel,216 Old Tappan Road,Old Tappan,New Jersey,NJ,7675,bstrippelm7@tuttocitta.it,214-142-3400,Female,840-05-5961,College,Disabled,Married
100337,Odie Woolveridge,1355 Junction Highway,Kerrville,Texas,TX,78028,owoolveridge3z@gizmodo.com,574-389-6594,Male,651-73-0526,Bachelor,Unemployed,Single
100284,Hadrian Banner,1012 NW 21st Ave,Portland,Oregon,OR,97210,hbanner6v@china.com.cn,515-129-0473,Male,809-79-4425,High School or Below,Unemployed,Married
101360,Catlee Minget,"154 Turnpike Road, Rte 9",Southborough,Massachusetts,MA,1772,cmingetf9@php.net,734-103-3370,Female,596-87-7974,Bachelor,Unemployed,Divorced
100598,Duffy Wickson,10001 W. Bell Road,Sun City,Arizona,AZ,85351,dwickson49@timesonline.co.uk,714-300-1299,Male,153-07-1430,Bachelor,Medical Leave,Married
100421,Garrett Tilzey,1116 Robbins Rd,Grand Haven,Michigan,MI,48417,gtilzeygo@ustream.tv,703-326-8978,Male,400-04-5776,Bachelor,Employed,Divorced
100491,Kylie Pead,1100 Ken Pratt Boulevard,Longmont,Colorado,CO,80501,kpeadet@mit.edu,860-816-3843,Female,636-39-1581,Bachelor,Unemployed,Single
101382,Lottie Burrass,139 Flatbush Ave,Brooklyn,New York,NY,11217,lburrass5e@si.edu,816-791-4976,Female,756-63-8570,College,Employed,Married
100382,Clayton Cleminson,15824 1st Avenue South,Burien,Washington,WA,98148,ccleminsonh4@slideshare.net,832-472-9005,Male,621-91-9101,High School or Below,Employed,Married
100633,Romonda Fedynski,1701 Jackson St,Golden,Colorado,CO,80401,rfedynskioq@imgur.com,323-823-5424,Female,383-09-0435,Master,Employed,Single
100535,Lilas Jarrell,2171 Kent Dairy Rd,Alabaster,Alabama,AL,35007,ljarrellmo@virginia.edu,813-493-7294,Female,893-77-4577,High School or Below,Unemployed,Single
101450,Hilario Hallward,1 Snowshoe Dr,Snowshoe,West Virginia,WV,26209,hhallward1a@vimeo.com,901-706-5154,Male,586-56-4627,Bachelor,Unemployed,Single
100567,Myrle Howey,14276 Ocean Hwy,Pawleys Island,South Carolina,SC,29585,mhowey8e@discuz.net,704-911-7289,Female,145-90-4852,Master,Employed,Divorced
100273,Elwyn Athridge,1000 H St NW,Washington,Washington DC,DC,20001,eathridge3q@people.com.cn,302-620-5977,Male,778-87-1894,High School or Below,Unemployed,Single
100454,Shep Pavluk,1535 Broadway,New York,New York,NY,10036,spavlukey@opensource.org,850-531-1502,Male,826-65-6808,Bachelor,Employed,Divorced
101405,Alleen Martyn,226 Westminster Drive,Carlisle,Pennsylvania,PA,17013,amartynr1@clickbank.net,805-735-8010,Female,599-41-6451,College,Unemployed,Single
100492,Kessia McSkeagan,21365 SW Baler Way,Sherwood,Oregon,OR,97140,kmcskeaganlj@moonfruit.com,754-178-3326,Female,182-36-3850,College,Unemployed,Single
100415,Caritta Whether,1 Adobe Court,Sacramento,California,CA,95821,cwhether0@exblog.jp,619-218-8050,Female,855-52-6124,Bachelor,Employed,Married
100511,Cyb Wimpeney,20905 Southshore Blvd.,League City,Texas,TX,77573,cwimpeneyim@hhs.gov,203-548-0661,Female,594-12-1609,College,Employed,Married
100280,Carlin Weatherburn,200 Public Square,Cleveland,Ohio,OH,44144,cweatherburnc1@elpais.com,724-252-0952,Female,742-76-7665,High School or Below,Employed,Divorced
101385,Bayard Pecht,110 Trinity Point Drive,Washington Township,Pennsylvania,PA,15301,bpechtem@mapquest.com,502-725-3955,Male,650-70-0577,Bachelor,Employed,Single
100485,Cob de Wilde,1276 Town Center Dr,Eagan,Minnesota,MN,55120,cdeqt@google.pl,859-124-9405,Male,652-58-7935,Master,Employed,Divorced
100385,Gabi Spraggon,16625 362nd Ave,Sandy,Oregon,OR,97055,gspraggonms@123-reg.co.uk,214-868-4935,Female,587-85-4464,High School or Below,Employed,Married
101798,Chrysa Stollmeier,18730 E Hampden Ave,Aurora,Colorado,CO,80013,cstollmeier5z@si.edu,408-951-1463,Female,776-17-8493,Master,Employed,Single
100279,Sarah Beed,1400 Tuskawilla Road,Winter Springs,Florida,FL,32708,sbeed6b@123-reg.co.uk,323-613-4367,Female,631-64-4369,College,Employed,Married
100578,Jim Toplis,1401 East Boulevard,Charlotte,North Carolina,NC,28203,jtoplis6g@hhs.gov,407-497-8617,Male,785-01-0157,Bachelor,Medical Leave,Married
101797,Deny Blouet,11275 E Via Linda,Scottsdale,Arizona,AZ,85259,dblouetha@fastcompany.com,412-172-8561,Female,169-95-6535,College,Employed,Married
100795,Keene Hickisson,1 Eastridge Mall,San Jose,California,CA,95122,khickissonf@umn.edu,540-242-6554,Male,432-81-5119,Bachelor,Employed,Married
100527,Randy Wollard,2241 North Maize Road,Wichita,Kansas,KS,67205,rwollardq5@imdb.com,603-782-3827,Female,689-87-2060,Bachelor,Unemployed,Single
100571,Karlik London,19955 Katy Fwy,Katy,Texas,TX,77094,klondonae@kickstarter.com,415-479-6492,Male,572-12-8587,High School or Below,Employed,Married
100605,Auroora Eastup,15000 US 31,Grand Haven,Michigan,MI,49417,aeastupck@simplemachines.org,718-586-7172,Female,345-10-1011,High School or Below,Disabled,Married
100533,Will Ollarenshaw,180 Goodman Road East,Southhaven,Mississippi,MS,38671,wollarenshaw2f@barnesandnoble.com,361-379-9525,Male,881-23-9897,College,Unemployed,Single
100306,Penny Boij,110  West Lincoln Avenue,Anaheim,California,CA,92805,pboije9@posterous.com,716-106-8392,Male,451-81-7603,High School or Below,Unemployed,Married
100390,Essy Kollach,15600 Hesperian Boulevard,San Lorenzo,California,CA,94580,ekollachgg@wunderground.com,847-682-1704,Female,845-87-8528,High School or Below,Employed,Married
100623,Isidoro Cootes,202 Siemens Dr,Cape Girardeau,Missouri,MO,63701,icootesf0@time.com,626-260-4049,Male,805-92-9281,College,Employed,Divorced
101696,Kathie Bilham,2090 S Normal,Tempe,Arizona,AZ,85287,kbilhamij@va.gov,757-918-4299,Female,491-86-0847,High School or Below,Medical Leave,Married
100568,Emelda Gladdolph,17272 Saticoy Street,Van Nuys,California,CA,91406,egladdolphqj@sciencedirect.com,612-846-8892,Female,338-30-7728,Master,Unemployed,Married
101704,Joye Harrill,1200 N Nappanee St,Elkhart,Indiana,IN,46514,jharrilllp@gizmodo.com,814-395-7862,Female,378-43-7324,High School or Below,Unemployed,Divorced
100381,Rebe Sicely,1410 East Roseville Parkway,Roseville,California,CA,95661,rsicely79@dell.com,480-949-5817,Female,842-77-3741,High School or Below,Employed,Married
100603,Eunice Frampton,1235 East Higgins Road,Schaumburg,Illinois,IL,60173,eframptonoo@vimeo.com,619-949-9285,Female,861-80-1036,Bachelor,Medical Leave,Married
100345,Solomon Stair,1935 S. Campbell,Springfield,Missouri,MO,65898,sstair8f@yellowbook.com,830-745-2002,Male,313-48-7750,College,Employed,Married
100496,Marya Kyngdon,1817 E. Southeast Loop 323,Tyler,Texas,TX,75701,mkyngdon3o@vimeo.com,209-726-1165,Female,800-92-2916,High School or Below,Employed,Married
101757,Vlad Willimont,189 Boston Post Road West,Marlborough,Massachusetts,MA,1752,vwillimont69@arizona.edu,225-464-4392,Male,840-80-4920,High School or Below,Employed,Divorced
101419,Durward Winslade,1790 East Kettleson Rd.,Moses Lake,Washington,WA,98837,dwinslade21@ftc.gov,615-351-1316,Male,134-78-1334,Master,Disabled,Divorced
100565,Devin Muress,1509 South Broadway,Edmond,Oklahoma,OK,73034,dmuressd6@last.fm,315-322-5248,Male,288-18-7206,College,Employed,Married
101707,Elisabet Hewkin,1932 Commerce Street,Yorktown Heights,New York,NY,10598,ehewkin8b@pinterest.com,323-751-3967,Female,699-50-6810,Bachelor,Employed,Married
100629,Kasper Kuhn,11253 Pines Blvd,Pembroke Pines,Florida,FL,33026,kkuhnh9@tamu.edu,214-636-1722,Male,133-75-5013,High School or Below,Employed,Single
101497,Willyt Vinecombe,"1735 N Lynn St, Ste 020",Arlington,Virginia,VA,22209,wvinecombeqz@360.cn,832-668-8876,Female,848-92-4836,Doctor,Employed,Married
100657,Jayson Whymark,156 W 52nd St,New York,New York,NY,10019,jwhymarkg9@economist.com,719-301-2526,Male,324-95-4419,Bachelor,Employed,Single
100490,Ernestus Hopfer,121 Tom Hill Sr. Blvd,Macon,Georgia,GA,31210,ehopfern1@nasa.gov,865-569-4246,Male,195-97-2890,College,Unemployed,Single
100797,Denny Magauran,16510 Mequon Rd.,Germantown,Wisconsin,WI,53022,dmagauranm6@chicagotribune.com,504-922-3906,Male,237-06-6254,High School or Below,Employed,Married
100272,Ede Peacham,1711 North Victory Place,Burbank,California,CA,91502,epeachampo@de.vu,786-657-5864,Female,358-73-4528,College,Employed,Divorced
101763,Heinrick Dimeloe,"10005 Grant St, Unit F",Denver,Colorado,CO,80229,hdimeloe4d@barnesandnoble.com,915-979-0442,Male,836-36-1324,Bachelor,Employed,Married
100488,Fawne Moniker,101 N Tyron St,Charlotte,North Carolina,NC,28246,fmoniker60@arizona.edu,913-351-1080,Female,237-06-5928,College,Employed,Married
100602,Ced Signorelli,1121 East Springcreek Parkway,Plano,Texas,TX,75074,csignorellih0@mtv.com,262-570-2381,Male,471-16-7717,Bachelor,Employed,Married
101624,Dunstan Jay,12840 West Forest Hills Blvd,Wellington,Florida,FL,33414,djayr9@google.co.uk,303-899-5524,Male,764-03-3864,High School or Below,Unemployed,Married
100334,George Pettendrich,18322 South Governors Highway,Homewood,Illinois,IL,60430,gpettendrich4o@mayoclinic.com,203-266-5254,Male,896-17-5668,College,Retired,Divorced
100497,Sebastiano Beine,201 E Jefferson Ave,Englewood,Colorado,CO,80110,sbeinedw@msu.edu,513-693-6409,Male,105-99-6192,Master,Employed,Married
100285,Shellie Bainton,1569 North Decatur Road,Atlanta,Georgia,GA,30307,sbaintongo@globo.com,323-375-0790,Female,860-92-0501,College,Employed,Married
100294,Carmon Burcher,1 West Flatiron Circle,Broomfield,Colorado,CO,80021,cburcher1o@tuttocitta.it,214-501-0431,Female,352-05-4720,Bachelor,Retired,Divorced
101731,Berky Malyon,101 W. Main Street,Alhambra,California,CA,91801,bmalyon6b@berkeley.edu,719-537-4666,Male,582-53-9446,High School or Below,Employed,Single
101453,Harvey Blinco,138-11 20th Avenue,Whitestone,New York,NY,11356,hblinco53@seesaa.net,941-934-9017,Male,599-35-8708,College,Unemployed,Single
101532,Esta Clara,2171 Black Rock Turnpike,Fairfield,Connecticut,CT,6430,eclaramn@xinhuanet.com,256-402-4921,Female,690-26-7786,Bachelor,Employed,Divorced
100449,Trish Geeves,1045 N Hill Rd,Pickerington,Ohio,OH,43147,tgeeves9w@nsw.gov.au,212-160-2937,Female,691-95-5350,Master,Employed,Divorced
100425,Kimmy Ecclestone,1500 N. Green Valley Parkway,Las Vegas,Nevada,NV,89014,kecclestonecb@jimdo.com,718-898-2363,Female,196-14-1564,College,Unemployed,Single
100760,Annalise Flacknell,206 Lake Drive,Covington,Louisiana,LA,70433,aflacknellhd@shop-pro.jp,763-738-8516,Female,112-21-5525,College,Employed,Married
101282,Obed Shovelbottom,1015 Ocean Beach Hwy,Longview,Washington,WA,98632,oshovelbottom75@businessinsider.com,202-102-3733,Male,446-84-1898,Master,Employed,Married
100671,Boonie Anderton,20111 Hwy 19,Cranberry Township,Pennsylvania,PA,16066,bandertonej@goo.ne.jp,480-944-0051,Male,249-29-7382,College,Retired,Divorced
101491,Rusty Millsom,11 Webb Place,Dover,New Hampshire,NH,3820,rmillsome7@so-net.ne.jp,321-470-8982,Male,402-05-2657,Bachelor,Medical Leave,Married
100705,Hayley Danaher,1 Camino Sobrante,Orinda,California,CA,94563,hdanaher7@rakuten.co.jp,917-691-1579,Female,138-55-3770,Master,Unemployed,Single
100624,Leupold Wiersma,1700 S 10th Street,McAllen,Texas,TX,78501,lwiersmaog@buzzfeed.com,713-267-6918,Male,598-86-4852,High School or Below,Employed,Married
100702,Buck Huc,2250  Monument Blvd,Concord,California,CA,94520,bhucql@cyberchimps.com,954-428-4007,Male,142-59-4399,Bachelor,Unemployed,Single
100730,Brandice Elldred,130 E. Seneca Street,Ithaca,New York,NY,14850,belldredb@vimeo.com,361-917-8620,Female,608-38-9824,Doctor,Employed,Married
100374,Antonetta Woliter,1300 Prospect Ave.,Helena,Montana,MT,59601,awoliterk@networksolutions.com,253-306-2215,Female,849-86-5647,College,Disabled,Married
100403,Roze Hutable,1201 Market Street,Philadelphia,Pennsylvania,PA,19107,rhutablem5@seattletimes.com,404-678-5484,Female,671-56-9791,Bachelor,Employed,Divorced
100389,Griff Ping,17308 Ventura Blvd.,Encino,California,CA,91316,gpingqq@shop-pro.jp,432-175-5363,Male,586-24-6396,Bachelor,Unemployed,Married
100369,Gavra Missenden,2015 W. Danforth Rd,Edmond,Oklahoma,OK,73003,gmissendeneq@delicious.com,405-586-5620,Female,205-21-6753,Bachelor,Employed,Single
100661,Hamlin Volette,2100 Roswell Rd.,Marietta,Georgia,GA,30062,hvolettejh@imageshack.us,206-798-1375,Male,182-80-3456,Bachelor,Employed,Married
100754,Isidro Mathew,2023-25 West Roscoe Street,Chicago,Illinois,IL,60618,imathewfj@hugedomains.com,480-372-6288,Male,470-44-0357,Doctor,Employed,Single
101303,Lina Palluschek,100 College Avenue,Athens,Georgia,GA,30601,lpalluschek2g@ftc.gov,305-947-8989,Female,795-91-7726,Bachelor,Employed,Divorced
101383,Benito Brock,1630 Woodlawn Avenue,Charlotte,North Carolina,NC,28209,bbrockku@sakura.ne.jp,616-815-5098,Male,827-01-1563,Bachelor,Employed,Married
100662,Aindrea Muehle,2201-2219 South Broad Street,Philadelphia,Pennsylvania,PA,19148,amuehleo5@ehow.com,714-366-8325,Female,765-39-9243,High School or Below,Employed,Single
100626,Augie Lavington,1745 South Easton Road,Doylestown,Pennsylvania,PA,18901,alavingtonrk@hexun.com,512-815-0626,Male,790-02-1936,College,Employed,Married
100440,Hobard Dawley,2205 Bel Pre Road,Silver Spring,Maryland,MD,20906,hdawleyoa@java.com,314-241-2992,Male,180-78-4547,College,Unemployed,Single
101285,Marjie Machen,14175 W Indian Sch R,Goodyear,Arizona,AZ,85338,mmachen7n@reuters.com,339-515-8073,Female,558-99-4232,High School or Below,Unemployed,Married
101732,Vilhelmina Reubel,14075 Biscayne St,Miami Beach,Florida,FL,33181,vreubel76@opera.com,706-145-3672,Female,789-02-3736,High School or Below,Unemployed,Single
101701,Maitilde Warman,1822 Willow Road,Northfield,Illinois,IL,60093,mwarman41@goo.gl,814-866-6463,Female,877-40-2702,High School or Below,Employed,Married
100436,Gisela Dobbins,1501 East Broad Street,Statesville,North Carolina,NC,28625,gdobbinscm@blogger.com,202-933-6749,Female,642-64-0569,High School or Below,Unemployed,Single
101672,Kania Mannix,10716 Firestone Blvd,Norwalk,California,CA,90650,kmannixc4@europa.eu,570-421-2786,Female,297-89-6867,College,Employed,Divorced
100696,Patrizia Doumerc,1450 Ala Moana Blvd.,Honolulu,Hawaii,HI,96814,pdoumerc9q@pagesperso-orange.fr,209-917-6552,Female,415-74-9829,High School or Below,Retired,Single
100736,Robbie Grimwade,1 Penn Plaza Concourse Level,New York,New York,NY,10119,rgrimwade12@house.gov,810-744-9247,Female,872-40-4214,Bachelor,Unemployed,Single
101670,Nathaniel Lahy,175 N Fairview Ave,Goleta,California,CA,93117,nlahy0@fda.gov,770-227-0863,Male,538-40-0910,Bachelor,Unemployed,Married
100330,Richmound Stirgess,2159 West Belmont Ave.,Chicago,Illinois,IL,60618,rstirgessm4@dailymail.co.uk,413-719-8225,Male,779-30-5919,Bachelor,Employed,Married
100765,Felizio Annakin,2021 Collier Pkwy,Land O' Lakes,Florida,FL,34639,fannakinf9@newyorker.com,859-177-2175,Male,672-43-5842,College,Unemployed,Single
101407,Rozina Goodisson,105 W. Adams,Chicago,Illinois,IL,60603,rgoodissona9@blog.com,515-429-0765,Female,703-55-8370,Master,Employed,Married
100767,Brady Spofforth,1166 Avenue of the Americas,New York,New York,NY,10036,bspofforthjs@cyberchimps.com,315-740-9767,Male,566-35-4468,Bachelor,Employed,Divorced
101760,Tabby Boram,1214 South University Ave,Ann Arbor,Michigan,MI,48103,tboramnf@com.com,425-621-2111,Male,517-92-1472,Bachelor,Employed,Married
100766,Shelley Shilstone,17539 Vierra Canyon,Anderson,California,CA,96007,sshilstonei@comcast.net,336-903-9635,Male,677-87-3788,College,Employed,Married
100796,Matilde Disley,22000 Salamo Rd.,West Linn,Oregon,OR,97068,mdisleyo0@nyu.edu,206-482-4466,Female,188-37-3206,Bachelor,Medical Leave,Married
100453,Othilia Vincent,22555 Mission Blvd,Hayward,California,CA,94541,ovincentqy@weibo.com,520-774-2490,Female,437-82-5477,Doctor,Employed,Married
100442,Galven Lutwyche,2 Camino Sobrante,Orinda,California,CA,94563,glutwycheas@archive.org,601-837-1811,Male,693-13-5802,Bachelor,Employed,Single
100561,Billye Gostall,11400 NE 124th ST,Kirkland,Washington,WA,98034,bgostalli0@e-recht24.de,937-916-8498,Female,353-49-8139,Bachelor,Employed,Married
100500,Jaquenette Packman,10112 N.E. HALSEY Street,Portland,Oregon,OR,97220,jpackman6p@wikia.com,310-839-4760,Female,788-97-8278,College,Employed,Married
101512,Palmer Tytherton,21 Neverland Drive,Lewis,Ohio,OH,43035,ptythertonix@phoca.cz,608-176-4288,Male,524-40-9021,Bachelor,Unemployed,Single
101503,Solomon Woolstenholmes,1979 Airline Drive,Bossier City,Louisiana,LA,71112,swoolstenholmes9m@prweb.com,806-900-4002,Male,795-92-3742,Bachelor,Medical Leave,Single
100549,Giffie Gore,18931 Bothell Way NE,Bothell,Washington,WA,98011,ggore6h@delicious.com,202-322-1378,Male,510-69-9056,High School or Below,Employed,Married
100551,Farris Loughman,111 West Port Plaza Bldg,Maryland Heights,Missouri,MO,63146,floughmang7@canalblog.com,513-163-7891,Male,292-51-5346,High School or Below,Employed,Married
101602,Ameline Tynnan,18425 NW West Union Rd,Portland,Oregon,OR,97229,atynnan53@icio.us,757-302-6643,Female,250-16-2811,Bachelor,Unemployed,Single
100444,Haily Wandrack,2000 W Dimond Blvd,Anchorage,Alaska,AK,99515,hwandrackcx@wiley.com,951-280-7692,Male,778-90-0844,College,Retired,Divorced
100414,Truman Veneur,101 N. Veterans Parkway,Bloomington,Illinois,IL,61704,tveneur63@flickr.com,404-100-7577,Male,697-76-7130,College,Employed,Married
100792,Magnum Reaveley,17245 17th Street,Tustin,California,CA,92780,mreaveleyqb@topsy.com,816-697-8468,Male,696-07-9244,Bachelor,Unemployed,Single
101439,Bibbye Bartolomucci,1677 N. Farwell Street,Milwaukee,Wisconsin,WI,53202,bbartolomuccin8@accuweather.com,212-978-4291,Female,357-07-2003,College,Employed,Married
100343,Bartholomeo Magrannell,1501 Connecticut Avenue NW,Washington,Washington DC,DC,20036,bmagrannellcl@java.com,651-840-1606,Male,472-98-5767,Bachelor,Employed,Single
101389,Ignacio Geelan,1050 Park Manor Blvd,Pittsburgh,Pennsylvania,PA,15205,igeelanaf@canalblog.com,803-807-8652,Male,496-10-6328,College,Employed,Married
100794,Beverlee Consadine,16922 Main Street,Hesperia,California,CA,92345,bconsadinenu@blogtalkradio.com,716-615-3409,Female,672-71-8517,High School or Below,Employed,Married
100579,Rogers Imrie,1150 South Federal Hwy,Ft. Lauderdale,Florida,FL,33316,rimriein@usgs.gov,540-968-0367,Male,423-13-0068,College,Employed,Married
101347,Pip Georgeson,1920 Sears St,Waterloo,Iowa,IA,50702,pgeorgeson7u@google.com.au,772-913-8713,Male,268-27-2379,High School or Below,Employed,Divorced
101376,Karisa Strodder,11150 S. Twenty Mile Rd.,Parker,Colorado,CO,80134,kstroddergm@bing.com,608-697-5681,Female,671-29-3758,College,Unemployed,Divorced
100755,Pat Werlock,180 County Road,Barrington,Rhode Island,Rhode,2806,pwerlock2e@netlog.com,303-808-7391,Female,802-85-5938,Bachelor,Disabled,Divorced
100424,Carmella Cavendish,1783 Eatonton Rd,Madison,Georgia,GA,30650,ccavendish1r@mashable.com,317-711-0838,Female,521-39-4744,Bachelor,Unemployed,Married
100405,Helge Spanswick,2192 N. Rainbow Blvd.,Las Vegas,Nevada,NV,89108,hspanswickn7@facebook.com,213-882-0476,Female,431-33-4495,Master,Employed,Married
100722,Dmitri Suttaby,100 South Hampton,Clarksville,Tennessee,TN,37040,dsuttaby36@jalbum.net,561-697-4016,Male,388-12-6491,High School or Below,Employed,Married
101295,Kathy Flucker,1050 N. Rte 83,Mundelein,Illinois,IL,60060,kfluckerae@sun.com,623-703-4018,Female,864-10-3087,Master,Employed,Married
100694,Bert Prestie,1960 SE Lund St,Port Orchard,Washington,WA,98366,bprestie97@comsenz.com,571-107-0326,Male,727-73-6004,College,Unemployed,Single
101272,Noelyn Larkby,1100 Baltimore Pike,Springfield,Pennsylvania,PA,19064,nlarkbyep@wp.com,213-981-6529,Female,791-71-9106,Master,Employed,Married
100445,Sarge Ringrose,137 West Wood Street,Palatine,Illinois,IL,60067,sringrose4e@devhub.com,901-477-5530,Male,872-20-5287,Master,Employed,Married
100802,Carlie Phayre,2104 Airport Freeway,Bedford,Texas,TX,76022,cphayrejx@samsung.com,573-634-8194,Male,803-06-0911,Bachelor,Employed,Divorced
100665,Lanae Lashmar,1545 S Kipling Ct,Lakewood,Colorado,CO,80226,llashmarfk@netvibes.com,408-247-4645,Female,697-06-7260,College,Retired,Divorced
101802,Briano Haburne,1767 King St,Alexandria,Virginia,VA,22314,bhaburne11@storify.com,253-748-8017,Male,487-90-9267,College,Employed,Single
100311,Ricky Burriss,1011 Hwy 21 South,Oxford,Alabama,AL,36203,rburriss6l@clickbank.net,251-570-0177,Male,223-11-1171,College,Employed,Divorced
100321,Lucas Mabley,1205 Campbell,Baker City,Oregon,OR,97814,lmableymm@yahoo.co.jp,920-322-7036,Male,707-89-4505,High School or Below,Employed,Married
101593,Minta Bayles,179 Branham Ln,San Jose,California,CA,95136,mbayles1x@upenn.edu,520-541-5993,Female,716-53-6345,College,Employed,Divorced
100534,Vite O'Hear,14620 SE McLoughlin Blvd,Milwaukie,Oregon,OR,97222,vohearaj@home.pl,240-971-1486,Male,108-87-3977,Doctor,Employed,Single
100558,Raimondo Ortzen,1725 74th St,West Des Moines,Iowa,IA,50266,rortzenqd@wikia.com,405-642-0665,Male,339-46-1612,High School or Below,Employed,Married
100745,Koralle Gronow,110 Oakwood Drive,Winston-Salem,North Carolina,NC,27103,kgronoweg@smugmug.com,508-461-1277,Female,356-79-4283,Bachelor,Employed,Single
101330,Kevon Bolgar,126 Broadway,Hillsdale,New Jersey,NJ,7642,kbolgarqa@about.com,601-192-3813,Male,514-48-6124,High School or Below,Employed,Married
100752,Magda Cicullo,11 Sloan Street,South Orange,New Jersey,NJ,7079,mciculloe5@weebly.com,772-620-1340,Female,305-56-8496,High School or Below,Employed,Married
100660,Ammamaria Kroin,1201 North Main St.,Suffolk,Virginia,VA,23434,akroinm6@hostgator.com,973-468-4287,Female,460-08-3612,College,Unemployed,Single
100737,Tawsha Eardley,1202 E. Wishkah St.,Aberdeen,Washington,WA,98520,teardleymf@desdev.cn,713-120-8309,Female,263-51-8941,Bachelor,Employed,Married
100593,Rivi Toffanini,201 Spear Street,San Francisco,California,CA,94105,rtoffaniniea@abc.net.au,405-795-2316,Female,728-26-2984,Bachelor,Retired,Divorced
100499,Gilberto Kivlin,1621 Big Oak Road,Yardley,Pennsylvania,PA,19067,gkivlinke@symantec.com,214-981-2587,Male,654-27-3656,College,Employed,Married
101365,Clare Feyer,202 Sixth Street,Pittsburgh,Pennsylvania,PA,15222,cfeyerf1@taobao.com,904-693-3317,Male,565-50-6963,High School or Below,Employed,Married
100347,Virginie Carmody,1601 S. University Drive,Fargo,North Dakota,ND,58103,vcarmodyit@sfgate.com,917-916-2165,Female,316-97-0386,High School or Below,Unemployed,Single
100749,Ellary Valentinuzzi,1942 Middle Country Road,Centereach,New York,NY,11720,evalentinuzzi8k@privacy.gov.au,860-582-5202,Male,795-32-8121,Master,Employed,Married
101660,Riannon Zanutti,2110 W Great Neck Rd,Virginia Beach,Virginia,VA,23454,rzanuttik9@sciencedirect.com,251-233-4800,Female,681-50-1390,Bachelor,Employed,Married
101495,Lorine Balentyne,2055 W Grand River Ave,Okemos,Michigan,MI,48864,lbalentyneh6@blogtalkradio.com,281-911-0111,Female,729-17-6217,Bachelor,Employed,Married
101730,Gene Cawthorn,13135 Louetta,Cypress,Texas,TX,77429,gcawthorn1x@vk.com,301-320-9184,Female,267-23-5374,Master,Employed,Divorced
100348,Standford Cloughton,100 Wall Street,New York,New York,NY,10005,scloughton3d@samsung.com,706-901-4614,Male,454-94-4423,Bachelor,Employed,Married
100622,Agnesse Petruk,1750 Divisadero Street,San Francisco,California,CA,94115,apetruk6@sitemeter.com,806-350-1787,Female,682-34-1252,High School or Below,Employed,Married
101770,Denise Pescud,10925 N. Military Trail,Palm Beach,Florida,FL,33410,dpescuddo@jigsy.com,202-248-3670,Female,288-71-1559,High School or Below,Employed,Single
100376,Gnni Pyrah,2244 North Rock Road Court,Wichita,Kansas,KS,67226,gpyrahq8@newsvine.com,781-864-0976,Female,153-17-3771,High School or Below,Employed,Divorced
101334,Orly Mangeney,1340 Fairview Boulevard,Delran,New Jersey,NJ,8075,omangeney36@alexa.com,803-408-5317,Female,785-57-7429,College,Retired,Single
100519,Ewen Brobyn,14891 Preston Rd.,Dallas,Texas,TX,75240,ebrobynb7@tinypic.com,305-911-4985,Male,570-14-6348,High School or Below,Retired,Married
100524,Preston Keller,116 Lake Street South,Kirkland,Washington,WA,98033,pkellerjg@wiley.com,713-859-9141,Male,536-25-8654,College,Employed,Married
100701,Bobby Bampkin,100 Expressway 83,Brownsville,Texas,TX,78520,bbampkin2k@sciencedaily.com,408-365-3664,Male,534-39-9683,Bachelor,Employed,Married
101519,Sebastian Ellgood,1304 Wildcat Drive,Portland,Texas,TX,78374,sellgood1f@washingtonpost.com,817-792-4717,Male,713-82-5328,Bachelor,Employed,Married
101421,Gleda Farnie,176W 9360N Rivercrest Drive,Menomonee Falls,Wisconsin,WI,53051,gfarnie14@smugmug.com,917-640-2722,Female,421-60-1023,Bachelor,Employed,Married
100790,Enrique Isenor,16964 Slover Ave,Fontana,California,CA,92335,eisenornz@usa.gov,267-979-3879,Male,824-89-7373,Doctor,Employed,Single
100595,Karena Skune,2000 Route 38,Cherry Hill,New Jersey,NJ,8002,kskunecu@soundcloud.com,915-318-9968,Female,328-08-9803,College,Employed,Married
101600,Pebrook Jeckells,1140 W Riverdale Rd,Riverdale,Utah,UT,84405,pjeckellshz@nasa.gov,786-772-9957,Male,300-75-4041,College,Employed,Married
100770,Miquela Foyster,2150 S Downing,Denver,Colorado,CO,80210,mfoysterlv@blinklist.com,215-689-6502,Female,257-43-0329,Doctor,Employed,Married
100684,Tiffie Penman,214-216 Kings Highway,Haddonfield,New Jersey,NJ,8033,tpenmanll@answers.com,904-518-1557,Female,522-60-1546,Bachelor,Employed,Married
100282,Gregoor Symmers,1675 W. 18th & Chambers,Eugene,Oregon,OR,97402,gsymmersn4@list-manage.com,256-769-5538,Male,144-41-9411,Bachelor,Employed,Divorced
101626,Archaimbaud Fidilis,1071 Alameda De Las Pulgas,Belmont,California,CA,94002,afidilisc0@si.edu,260-793-7763,Male,467-23-3713,College,Employed,Married
100476,Lenka Betchley,1428 Marion Waldo Rd,Marion,Ohio,OH,43302,lbetchley8f@i2i.jp,720-479-9806,Female,561-54-5920,Doctor,Medical Leave,Married
101627,Wolfy Paramor,1134 NW Glisan Street,Portland,Oregon,OR,97209,wparamorhr@mit.edu,646-998-1234,Male,340-88-8534,College,Employed,Married
100402,Natale Mortlock,"1801 Columbia Road, NW",Washington,Washington DC,DC,20016,nmortlock2p@paypal.com,412-911-5632,Male,724-15-2918,High School or Below,Medical Leave,Married
100591,Beaufort Brownhill,212 New Road,Somers Point,New Jersey,NJ,8244,bbrownhillko@etsy.com,812-758-2317,Male,563-83-3852,High School or Below,Unemployed,Single
101415,Skippy Comberbeach,2208 Coffeen Ave,Sheridian,Wyoming,WY,82801,scomberbeachoi@nydailynews.com,757-880-2565,Male,888-98-2802,College,Unemployed,Single
101682,Krissy Beeching,1901 West Street,Annapolis,Maryland,MD,21401,kbeeching76@tinyurl.com,901-121-9285,Female,279-04-5193,High School or Below,Employed,Married
100398,Lindsay Eliyahu,2139 Summer Street,Stamford,Connecticut,CT,6904,leliyahulk@prlog.org,801-402-5846,Male,463-35-5913,College,Employed,Divorced
100489,Norean Rosbottom,222 Cambridge Street,Boston,Massachusetts,MA,2114,nrosbottomp5@about.com,312-421-1024,Female,897-67-6452,College,Employed,Married
100670,Iolanthe Stonestreet,16222 Nordhoff Street,North Hills,California,CA,91343,istonestreetki@hostgator.com,786-537-7205,Female,457-12-7639,Doctor,Disabled,Divorced
100352,Loren Spellicy,2045 N Shadeland Ave,Indianapolis,Indiana,IN,46219,lspellicygh@etsy.com,704-702-4915,Male,171-09-2732,High School or Below,Employed,Married
100763,Tiffanie Marvel,2024 Freedom Blvd,Freedom,California,CA,95019,tmarvelfl@home.pl,504-627-5315,Female,718-67-9188,College,Employed,Married
100618,Marcelo Custy,1739 Main St,Weston,Florida,FL,33326,mcustyr4@forbes.com,972-486-4485,Male,485-06-0454,College,Employed,Married
100725,Wilmette Griffe,101 S Palm Canyon Drive,Palm Springs,California,CA,92262,wgriffe65@state.tx.us,951-701-2026,Female,328-43-8935,Bachelor,Employed,Divorced
100319,Ted Edgeson,1217 S Rangeline Rd,Carmel,Indiana,IN,46032,tedgesonno@theatlantic.com,915-750-6548,Male,888-98-0723,College,Employed,Single
100600,Petronille Ovitz,1030 Rosecrans Avenue,Fullerton,California,CA,92635,povitz8p@biblegateway.com,843-849-8029,Female,860-09-0266,Doctor,Employed,Married
101561,Sawyere Praundlin,1011 N. State Rd 135,Greenwood,Indiana,IN,46142,spraundlin6n@blogger.com,432-448-4178,Male,669-01-7201,Bachelor,Employed,Single
100764,Kandy Hanburry,100 River Rd,Tahoe City,California,CA,96145,khanburry2z@amazon.co.jp,937-314-3835,Female,591-81-1842,High School or Below,Unemployed,Married
101306,Waiter Mendes,147 E. Putnam Avenue,Cos Cob,Connecticut,CT,6807,wmendesap@ucsd.edu,570-652-6556,Male,121-61-9009,College,Disabled,Divorced
100798,Pippy Beckensall,1605 Mansell Place Rd,Alpharetta,Georgia,GA,30201,pbeckensallj4@google.co.jp,571-596-2292,Female,366-75-1957,Master,Employed,Married
100418,Maryrose Bestall,"1342 2nd St., NE",Hickory,North Carolina,NC,28601,mbestall3c@gizmodo.com,337-850-8085,Female,152-92-5384,Bachelor,Employed,Married
100732,Irving Simcox,1470 Roberts St. South,West St. Paul,Minnesota,MN,55118,isimcoxar@amazonaws.com,646-605-7124,Male,662-22-2529,College,Medical Leave,Single
101578,Bernelle Ionn,1075 Vine Street,Healdsburg,California,CA,95448,bionnca@51.la,716-360-9419,Female,637-21-9943,College,Unemployed,Married
100672,Kristian Fydoe,2075 Westminster,Houston,Texas,TX,77098,kfydoehx@example.com,818-414-9902,Male,647-42-2517,College,Employed,Married
101492,Hernando Dodgshun,1850 SW Skyline Blvd,Portland,Oregon,OR,97221,hdodgshun5d@netvibes.com,831-114-9227,Male,608-87-5339,Bachelor,Unemployed,Married
100450,Tabbie Dermot,20035 Ashbrook Commons Plaza,Ashburn,Virginia,VA,20147,tdermotdh@youtube.com,320-923-7979,Female,479-51-0415,College,Retired,Single
100373,Fremont Tothacot,11475 E Via Linda,Scottsdale,Arizona,AZ,85259,ftothacotid@yandex.ru,616-127-5657,Male,163-21-2683,College,Employed,Married
100566,Dreddy Dykas,1723 South 72nd Street,Tacoma,Washington,WA,98408,ddykasq9@icq.com,954-724-2465,Female,539-46-9388,College,Employed,Married
100346,Winthrop Mander,1 S.W. Columbia Street,Portland,Oregon,OR,97258,wmander18@163.com,716-284-0610,Male,460-94-2095,College,Employed,Married
100451,Shauna Ollivier,20355 Yorba Linda Blvd,Yorba Linda,California,CA,92886,sollivierg3@seattletimes.com,713-961-7708,Female,422-86-6888,Bachelor,Employed,Married
100688,Isahella Potteridge,2003 W. Monroe,Springfield,Illinois,IL,62704,ipotteridgedf@gizmodo.com,734-858-9555,Female,507-54-7437,High School or Below,Employed,Divorced
100731,Anna-diana Tofanini,10300 W Colonial Dr,Ocoee,Florida,FL,34761,atofanini8v@examiner.com,225-376-3958,Female,386-68-7810,Master,Employed,Married
100529,Esma Baggally,16470 Pacific Coast Hwy,Huntington Beach,California,CA,92649,ebaggallylq@dedecms.com,402-804-7589,Female,379-76-3653,Bachelor,Medical Leave,Divorced
100430,Ingmar Lodevick,102 Westwood Avenue,Westwood,New Jersey,NJ,7675,ilodevick7p@google.de,480-371-0801,Male,220-76-0497,High School or Below,Employed,Married
101720,Hallie Timperley,1121 N. Circle Dr.,Colorado Springs,Colorado,CO,80909,htimperleyh1@jimdo.com,352-448-0017,Female,237-84-6903,High School or Below,Unemployed,Married
101280,Stacie Faier,10616 Providence Road,Charlotte,North Carolina,NC,28277,sfaierb8@aol.com,601-496-8430,Female,630-45-8282,Bachelor,Employed,Married
101598,Prentiss Poyser,1223 SW Wanamaker Road,Topeka,Kansas,KS,66604,ppoysero3@nasa.gov,917-593-2289,Male,756-61-8797,High School or Below,Employed,Married
101684,Wald Paradine,12200 W Ox Road,Fairfax,Virginia,VA,22033,wparadineo0@imageshack.us,510-228-0404,Male,504-99-4501,High School or Below,Employed,Married
100630,Hillary Petz,1550 Grand Pkwy,Katy,Texas,TX,77493,hpetzfw@nifty.com,515-697-0990,Female,242-66-0996,College,Employed,Married
100768,Zebadiah McCall,16707 Coronado Road,Eagle River,Alaska,AK,99577,zmccallmz@desdev.cn,727-842-0968,Male,672-65-1322,College,Unemployed,Single
100363,Syd Frewer,1153 N. Military Highway,Norfolk,Virginia,VA,23502,sfrewerj1@umich.edu,312-174-1446,Male,404-44-7540,High School or Below,Employed,Divorced
101676,Edmon Glancey,1233 S Sage Dr,Cedar City,Utah,UT,84720,eglanceyol@slate.com,814-432-9504,Male,154-41-7723,College,Employed,Married
100407,Robbie Sarsons,1504 OLD COUNTRY RD,Westbury,New York,NY,11590,rsarsonscy@people.com.cn,402-657-9994,Female,147-75-5836,College,Employed,Single
101414,Lennie Tattersdill,1 Penn Plaza,New York,New York,NY,10119,ltattersdill11@homestead.com,405-127-5929,Male,502-95-4462,Master,Employed,Married
100360,Raimondo Stone Fewings,1134 N. Miller Street,Wenatchee,Washington,WA,98801,rstonehq@google.com.br,412-879-4824,Male,772-19-9542,College,Medical Leave,Married
100329,Hamilton Champerlen,115 Broadway,New York,New York,NY,10006,hchamperlenih@nba.com,312-847-1942,Male,658-81-1451,College,Employed,Married
100728,Ikey MacAlister,200 Columbus Blvd,Hartford,Connecticut,CT,6106,imacalisterbj@cargocollective.com,719-983-2452,Male,673-38-4136,Bachelor,Unemployed,Married
100303,Tristan Kissack,2072 Burlington Town Ctr,Burlington,Vermont,VT,5402,tkissackhu@ucsd.edu,312-898-7416,Male,408-02-0953,High School or Below,Unemployed,Divorced
100495,Dew Stileman,1720 Epps Bridge Road,Athens,Georgia,GA,30606,dstilemanq2@wikispaces.com,765-226-8593,Male,663-61-5092,High School or Below,Unemployed,Married
100781,Dori Ulyet,13851 S. John Young Parkway,Orlando,Florida,FL,32837,dulyet5c@google.com.au,480-960-9375,Female,138-03-9480,High School or Below,Unemployed,Single
100417,Meryl Smead,200 Main Street,White Plains,New York,NY,10601,msmeadbu@dagondesign.com,323-685-9854,Female,179-01-0823,High School or Below,Unemployed,Single
101737,Verna Dinan,195 Broadway,New York,New York,NY,10007,vdinan8n@seesaa.net,218-270-5527,Female,274-66-7096,Master,Unemployed,Married
100419,Katerina Ammer,155 E Ontario,Chicago,Illinois,IL,60611,kammerfp@reuters.com,801-188-3228,Female,696-26-1913,High School or Below,Employed,Married
100585,Alair Fetherstonhaugh,2000 Bonker Lake Blvd NW,Andover,Minnesota,MN,55304,afetherstonhaughcl@blogger.com,951-233-6984,Male,533-09-8649,Bachelor,Employed,Married
100720,Othelia Pauncefort,1390 Fordham Drive,Virginia Beach,Virginia,VA,23464,opauncefort5j@bizjournals.com,312-434-3094,Female,272-19-7144,High School or Below,Employed,Single
100342,Shepard Mallatratt,1 E Main St,Madison,Wisconsin,WI,53703,smallatrattc@dion.ne.jp,517-622-4596,Male,367-25-6237,Master,Employed,Married
100295,Aleksandr Adlington,10 Gurnet Drive,Brunswick,Maine,ME,4011,aadlington1v@salon.com,323-606-2003,Male,490-67-1744,High School or Below,Employed,Married
101325,Nicoline Booley,11479 South State Street,Draper,Utah,UT,84020,nbooleyie@wordpress.org,205-766-3472,Female,702-63-0081,High School or Below,Retired,Married
100310,Zuzana Dory,2 Ritz Carlton Drive,Dana Point,California,CA,92629,zdoryb4@bing.com,805-143-7916,Female,400-24-1226,High School or Below,Unemployed,Married
100682,Hermione Glaserman,1841 Broadway,New York,New York,NY,10023,hglaserman50@tuttocitta.it,718-752-9656,Female,427-90-4608,Bachelor,Employed,Divorced
100586,Domingo Klimontovich,1064 Emerald Bay Road,South Lake Tahoe,California,CA,96150,dklimontovichbd@bizjournals.com,408-515-8863,Male,300-19-3471,High School or Below,Unemployed,Married
100523,Wendy Lodin,10301 S. Cicero,Oak Lawn,Illinois,IL,60453,wlodin8y@prlog.org,251-471-6564,Female,104-21-2765,Bachelor,Unemployed,Single
100769,Gianina Casebourne,13637 N. Tatum Blvd.,Phoenix,Arizona,AZ,85032,gcasebourne48@mlb.com,205-832-9496,Female,530-88-3509,High School or Below,Medical Leave,Married
100367,Skelly Huie,1720 Commercial Avenue,Anacortes,Washington,WA,98221,shuieq1@wikispaces.com,860-695-4123,Male,561-28-4613,College,Unemployed,Single
100614,Johan Rochester,1512 Larimer Street,Denver,Colorado,CO,80202,jrochesterdm@ebay.com,305-958-4926,Male,190-69-8254,College,Employed,Single
100503,Rosamond Studdal,1950 E County Line Rd,Highlands Ranch,Colorado,CO,80126,rstuddal8q@google.ru,610-246-4482,Female,303-85-3799,College,Employed,Single
100664,Jedidiah Ronci,1510 NE Broadway,Portland,Oregon,OR,97232,jroncidi@linkedin.com,915-182-3048,Male,553-92-3280,Doctor,Employed,Married
100666,Clayson Coules,1603 County Road,Burnsville,Minnesota,MN,55337,ccoulesiz@nature.com,205-674-0703,Male,211-36-5387,High School or Below,Employed,Married
101793,Delcine Fockes,1821 E. Broadway Blvd.,Tucson,Arizona,AZ,85719,dfockes3y@clickbank.net,212-131-3786,Female,795-43-7186,Master,Unemployed,Divorced
100707,Augy Sulley,11720 Medlock Bridge Rd,Suwanee,Georgia,GA,30097,asulleyk2@webeden.co.uk,501-877-2819,Male,718-98-3118,College,Employed,Single
101551,Prue Keling,21035 Hawthorne Blvd,Torrance,California,CA,90503,pkelingjw@blogtalkradio.com,410-595-4389,Female,731-27-8702,Bachelor,Employed,Married
100757,Linnie Cholomin,1301 I-27 North,Plainview,Texas,TX,79072,lcholomint@qq.com,757-570-1910,Female,374-87-7015,High School or Below,Employed,Married
100526,Sarge Wasielewski,1000 Palisades Center Drive,West Nyack,New York,NY,10995,swasielewski3w@icq.com,334-990-8134,Male,191-07-8741,College,Unemployed,Single
100396,Courtney Jannaway,1278-80 North Avenue,New Rochelle,New York,NY,10804,cjannawayqv@weebly.com,570-501-8408,Male,814-45-7553,College,Unemployed,Single
100365,Zonda Arbuckel,1426 E. Route 66,Flagstaff,Arizona,AZ,86001,zarbuckel89@mapy.cz,540-397-0670,Female,438-68-7584,College,Employed,Married
100379,Tamra Fairhurst,1335 Avenue of the Americas,New York,New York,NY,10019,tfairhurst31@wix.com,816-475-4680,Female,550-15-0077,Bachelor,Retired,Married
100507,Elinor Armatage,21181 Newport Coast Dr,Newport,California,CA,92657,earmatagekm@storify.com,805-204-2450,Female,791-45-8045,College,Medical Leave,Single
101664,Virgina Bulman,100 14th St,Jersey City,New Jersey,NJ,7310,vbulman2a@g.co,724-563-0233,Female,476-51-4648,Doctor,Employed,Married
100628,Wes Fleis,1696 Newport Blvd.,Costa Mesa,California,CA,92627,wfleisnx@cdbaby.com,704-854-8780,Male,199-59-6517,Master,Employed,Married
100715,Tonie Cottis,14500 W Colfax Ave,Lakewood,Colorado,CO,80401,tcottis9v@list-manage.com,614-609-4993,Female,317-66-4901,Bachelor,Unemployed,Single
100487,Ynes Dodworth,2120 N. Rampart,Las Vegas,Nevada,NV,89128,ydodworthkr@hubpages.com,302-857-8617,Female,325-80-7732,College,Medical Leave,Divorced
100354,Kelvin Boyland,2027 Camden Ave.,San Jose,California,CA,95124,kboylandfo@trellian.com,202-973-5461,Male,305-41-9185,Bachelor,Employed,Married
